Index,Icon,Doc_Name,Doc ID,PDF Download Link
1,https://library.e.abb.com/public/dbb63faf76d14bbf9862abae1a4b5017/ABB_Catalogue_COMPACT_HOME_9AKK107991A9809_EN_ABB.pdf.jpg,Compact Home Protection and comfort system for your home,2CSC400030D0202,https://search.abb.com/library/Download.aspx?DocumentID=2CSC400030D0202&LanguageCode=en&DocumentPartId=&Action=Launch
2,https://library.e.abb.com/public/dd5bb78651344664b76799cf4318b582/SH200%20-%20EoL%20Inst%20b.pdf.jpg,End of Life instruction - Compact Home MCB,9AKK108468A3121,https://search.abb.com/library/Download.aspx?DocumentID=9AKK108468A3121&LanguageCode=en&DocumentPartId=&Action=Launch
3,https://library.e.abb.com/public/7805ba1069e74c5f92b55b5bfe8b154a/ABBG-00101-V01.01_EPD-Home_MCB.pdf.jpg,EPD HOME MCB 0.5A to 63A,9AKK108468A1580,https://search.abb.com/library/Download.aspx?DocumentID=9AKK108468A1580&LanguageCode=en&DocumentPartId=&Action=Launch
4,https://library.e.abb.com/public/00091b245efd4c8c9ef97f0aef091b05/MCB_2CDS207105P0001-1.pdf.jpg,MCB - general mounting instruction,2CDS207105P0001,https://search.abb.com/library/Download.aspx?DocumentID=2CDS207105P0001&LanguageCode=en&DocumentPartId=&Action=Launch
5,https://library.e.abb.com/public/f523d6b8011d4cb987c3c938cf9a0db5/CNIIB22EDMCB0928-REACH-DECLARATION-MCB&RCBO&OVR&....pdf.jpg,CNIIB22EDMCB0928-REACH-DECLARATION-MCB&RCBO&OVR&...,CNIIB22EDMCB0928,https://search.abb.com/library/Download.aspx?DocumentID=CNIIB22EDMCB0928&LanguageCode=en&DocumentPartId=&Action=Launch
6,https://library.e.abb.com/public/9af7f7487b074aa4bf354638cff3cf6e/Certificat%20SNI_SH200_C_SNI%20IEC%2060898-1_096049013-17_G_B.pdf.jpg,Certificate SNI for C Made in Germany - Update On Going,2CDZ405000A0506,https://search.abb.com/library/Download.aspx?DocumentID=2CDZ405000A0506&LanguageCode=en&LanguageCode=id&DocumentPartId=&Action=Launch
7,https://library.e.abb.com/public/489cb376c95a42119bc7501bd095a05f/Certificate%20BBJ_SH200-SH200L-SH200T_B-C-D_PN%20EN%2060898-1_B-12-008-22_G.pdf.jpg,Certificate BBJ acc. to 60898 for B-C-D Made in Germany,2CDZ405000A1083,https://search.abb.com/library/Download.aspx?DocumentID=2CDZ405000A1083&LanguageCode=en&DocumentPartId=&Action=Launch
8,https://library.e.abb.com/public/3dcebbb9fca34b4e81808871e2f42c62/Certificate%20BSMI_SH200_B-C-D_IEC60898-1_CI311067070407-00_G.pdf.jpg,Certificate BSMI acc. to 60898 for B-C-D Made in Germany,2CDZ405000A1149,https://search.abb.com/library/Download.aspx?DocumentID=2CDZ405000A1149&LanguageCode=en&DocumentPartId=&Action=Launch
9,https://library.e.abb.com/public/30ddcbe2b7684abbbd0bd96512bf2d39/Certificate%20EAC_S200-S200M-S200L-S200P-SH200-SH200L-SH200T_B-C-D-K-Z_IEC%2060898-1_RU-C-DE-ME77-B-01030-21_G_B_C.pdf.jpg,Certificate EAC for B-C-D-K-Z Made in China,2CDZ405000A1069,https://search.abb.com/library/Download.aspx?DocumentID=2CDZ405000A1069&LanguageCode=en&LanguageCode=ru&DocumentPartId=&Action=Launch
10,https://library.e.abb.com/public/2a11ea410dad40bc85ad69ee7a7e4525/2CDK400607D2703_EU_SH200T_SH200L_SH200_SH200M_Rev4.pdf.jpg,EU Declaration of Conformity SH200_SH200M_SH200T_SH200L,2CDK400607D2703,https://search.abb.com/library/Download.aspx?DocumentID=2CDK400607D2703&LanguageCode=de&LanguageCode=en&LanguageCode=fr&LanguageCode=it&DocumentPartId=&Action=Launch
11,https://library.e.abb.com/public/4ec525b4926e4351a64fae38f73b33e4/Certificate%20SAA_SH200-SH200L-SH200T_B-C-D_AS-NZS%2060898-1_SAA-170398-EA_C.pdf.jpg,Certificate SAA_Standard: 60898_Tripping Characteristic:B-C-D,2CDZ405000A0224,https://search.abb.com/library/Download.aspx?DocumentID=2CDZ405000A0224&LanguageCode=en&DocumentPartId=&Action=Launch
12,https://library.e.abb.com/public/fbdea7dfbc9943bb8c4f850ffc0278dd/Certificate%20CB_SH200-SV200-SH200L-SH200T_B-C_IEC%2060898-1_DE1-56012.pdf.jpg,CB Test Report,9AKK107992A4334,https://search.abb.com/library/Download.aspx?DocumentID=9AKK107992A4334&LanguageCode=en&DocumentPartId=&Action=Launch
13,https://library.e.abb.com/public/0fc023942ef74db5bb2648e755c83a38/2CDK400030D0201%20(1).pdf.jpg,Environment Information,9AKK107992A4233,https://search.abb.com/library/Download.aspx?DocumentID=9AKK107992A4233&LanguageCode=en&DocumentPartId=&Action=Launch
14,"<div class=""dsDocumentThumbnail""><div class=""dsThumbnail dsThumbnailVertical"">MP4</div></div>",Installation and Presentation video,9AKK107992A4227,https://search.abb.com/library/Download.aspx?DocumentID=9AKK107992A4227&LanguageCode=en&DocumentPartId=&Action=Launch
15,https://library.e.abb.com/public/c20635831d4244f5848492ff8df4e6ba/CQC2012010307570623(20220530-20310602).pdf.jpg,"CQC Certificate,Miniature circuit breaker,SH200 AVM SH200OV,Made in China",CQC2012010307570623,https://search.abb.com/library/Download.aspx?DocumentID=CQC2012010307570623&LanguageCode=en&LanguageCode=zh&DocumentPartId=&Action=Launch
16,https://library.e.abb.com/public/43f8551cf4f04876aa939ff5da346e87/CQC2016010307853052(20220530-20310112).pdf.jpg,"CQC Certificate,Miniature circuit breaker,SH200,SJ200,SF200,Made in China",CQC2016010307853052,https://search.abb.com/library/Download.aspx?DocumentID=CQC2016010307853052&LanguageCode=en&LanguageCode=zh&DocumentPartId=&Action=Launch
17,https://library.e.abb.com/public/965a89fc46564d4b9ca6010331917e3f/2020980307002408(CQC2016010307853052)-20220531.pdf.jpg,"CCC Declaration of Conformity,Miniature circuit breaker ,SH200,SJ200,SF200,Made in China",2020980307002408,https://search.abb.com/library/Download.aspx?DocumentID=2020980307002408&LanguageCode=en&LanguageCode=zh&DocumentPartId=&Action=Launch
18,https://library.e.abb.com/public/3a5665e27f284938bd9a399825506b1e/2020980307002620(CQC2012010307570623)-20220531.pdf.jpg,"CCC Declaration of Conformity,Miniature circuit breaker,SH200 AVM SH200OV,Made in China",2020980307002620,https://search.abb.com/library/Download.aspx?DocumentID=2020980307002620&LanguageCode=en&LanguageCode=zh&DocumentPartId=&Action=Launch
19,"<div class=""dsDocumentThumbnail""><div class=""dsThumbnail dsThumbnailVertical"">MP4</div></div>",How To Install - SH200,9AKK107680A4603,https://search.abb.com/library/Download.aspx?DocumentID=9AKK107680A4603&LanguageCode=en&DocumentPartId=&Action=Launch
20,https://library.e.abb.com/public/23e6bc1ca9514756a53e8972d16ce07d/Certificate%20ANCE_SH200_B-C_NOM-003-SCFI-2014_ANC2101C00002316_A.pdf.jpg,Certificate ANCE for B-C Made in Argentina - Update On Going,2CDZ405000A0919,https://search.abb.com/library/Download.aspx?DocumentID=2CDZ405000A0919&LanguageCode=en&LanguageCode=es&DocumentPartId=&Action=Launch
21,https://library.e.abb.com/public/efedb4b41b99486489b654221e62f541/Certificate%20ANCE_SH200_B-C_NOM-003-SCFI-2014_ANC2101C00002317_A.pdf.jpg,Certificate ANCE for B-C Made in Argentina - Update On Going,2CDZ405000A0920,https://search.abb.com/library/Download.aspx?DocumentID=2CDZ405000A0920&LanguageCode=en&LanguageCode=es&DocumentPartId=&Action=Launch
22,https://library.e.abb.com/public/d0109a9807264ae387367bf01c32e05d/Certificate%20EZU_SH200-S200L-SH200T_B-C-D_CSN%20EN%2060898-1_2160027_G.pdf.jpg,Certificate EZU acc. to 60898 for B-C-D Made in Germany,2CDZ405000A0819,https://search.abb.com/library/Download.aspx?DocumentID=2CDZ405000A0819&LanguageCode=en&DocumentPartId=&Action=Launch
23,https://library.e.abb.com/public/02b88242b3684919a42c0ed1e579b830/Certificate%20UKRAINE_SH200_B-C-D_IEC%2060898-1_UA-1-001-011811-16_B.pdf.jpg,Certificate Ukraine acc. to 60898 for B-C-D Made in Bulgaria,2CDZ405000A0824,https://search.abb.com/library/Download.aspx?DocumentID=2CDZ405000A0824&LanguageCode=en&LanguageCode=ru&DocumentPartId=&Action=Launch
24,https://library.e.abb.com/public/d53eb099087e4113903f925ff5054e2f/Certificate%20VDE_SH201_C_EN%2060898-1_40044596_I.pdf.jpg,Certificate VDE acc. to 60898 for C Made in India,2CDZ405000A0811,https://search.abb.com/library/Download.aspx?DocumentID=2CDZ405000A0811&LanguageCode=de&LanguageCode=en&DocumentPartId=&Action=Launch
25,https://library.e.abb.com/public/ed8c0320dac848e180fd4c6f566ae3ad/GPG%20Energy%20Distribution%20-%20Safety%20Instructions.pdf.jpg,Safety Information - DIN RAIL Products,9AKK107046A9501,https://search.abb.com/library/Download.aspx?DocumentID=9AKK107046A9501&LanguageCode=en&DocumentPartId=&Action=Launch
26,https://library.e.abb.com/public/f33cf8fef7b64dce802804f734ab0af4/Technical_Data_Sheet_SH200M.pdf.jpg,Technical data sheet SH200M,9AKK106713A2182,https://search.abb.com/library/Download.aspx?DocumentID=9AKK106713A2182&LanguageCode=en&DocumentPartId=&Action=Launch
